{
	"description": "项目配置文件",
	"packOptions": {
		"ignore": []
	},
	"setting": {
		"urlCheck": true,
		"es6": true,
		"postcss": true,
		"minified": true,
		"newFeature": true,
		"autoAudits": false
	},
	"compileType": "miniprogram",
	"libVersion": "2.6.1",
	"appid": "wxd045754b11670fa4",
	"projectname": "weiphp4_demo",
	"debugOptions": {
		"hidedInDevtools": []
	},
	"isGameTourist": false,
	"condition": {
		"search": {
			"current": -1,
			"list": []
		},
		"conversation": {
			"current": -1,
			"list": []
		},
		"game": {
			"currentL": -1,
			"list": []
		},
		"miniprogram": {
			"current": 5,
			"list": [
				{
					"id": -1,
					"name": "login",
					"pathName": "pages/login/login",
					"query": ""
				},
				{
					"id": -1,
					"name": "upload",
					"pathName": "pages/upload/upload",
					"query": ""
				},
				{
					"id": -1,
					"name": "qrcode",
					"pathName": "pages/qrcode/qrcode",
					"query": ""
				},
				{
					"id": -1,
					"name": "payment",
					"pathName": "pages/payment/payment",
					"query": ""
				},
				{
					"id": -1,
					"name": "sms",
					"pathName": "pages/sms/sms",
					"query": ""
				},
				{
					"id": -1,
					"name": "service",
					"pathName": "pages/service/service"
				}
			]
		}
	}
}